{
	"data": {
		"groundstate": {
			"energy": {
				"iterations": 14,
				"vals": [-0.3670300702,-44.00008656,-44.12229449,-44.12693533,-44.12721492,-44.12721925,-44.12721839,-44.12721817,-44.12721813,-44.12721812,-44.12721812,-44.12721812,-44.12721812,-44.12721812,-44.12721812]
			},
			"operators": [
						{
					"operator_id": 4,
					"two_site": 1,
					"vals": {
						"re": [-0.2172305478,-0.09877289832,-0.1874407816,-0.1139308884,-0.1776606452,-0.1207405498,-0.172520222,-0.1247375953,-0.1692786216,-0.1274058309,-0.1670232112,-0.1293275986,-0.1653544279,-0.1307825747,-0.1640669791,-0.1319233504,-0.1630435727,-0.1328408741,-0.1622119137,-0.133592991,-0.1615248323,-0.1342183651,-0.1609501618,-0.134743869,-0.1604651819,-0.1351887753,-0.1600533835,-0.1355672612,-0.159702491,-0.1358899729,-0.159403206,-0.1361650378,-0.1591483818,-0.1363987388,-0.1589324664,-0.1365959756,-0.1587511174,-0.1367605859,-0.1586009322,-0.1368955737,-0.1584792548,-0.1370032717,-0.1583840377,-0.1370854588,-0.1583137428,-0.1371434437,-0.1582672715,-0.1371781227,-0.1582439164,-0.1371900184,-0.1582433322,-0.1371793015,-0.1582655209,-0.1371457973,-0.1583108327,-0.1370889788,-0.1583799798,-0.1370079447,-0.1584740664,-0.136901381,-0.1585946373,-0.136767502,-0.1587437476,-0.1366039669,-0.1589240626,-0.1364077621,-0.1591389962,-0.1361750381,-0.1593929041,-0.1359008808,-0.1596913543,-0.1355789902,-0.1600415124,-0.1352012185,-0.1604526989,-0.1347568952,-0.1609372147,-0.1342318147,-0.1615115972,-0.133606672,-0.162198597,-0.1328545576,-0.1630304115,-0.1319367682,-0.1640542374,-0.1307954182,-0.165342387,-0.1293395226,-0.1670121522,-0.1274164669,-0.1692688032,-0.12474658,-0.1725118822,-0.1207475741,-0.1776540772,-0.1139357038,-0.1874363261,-0.09877529662,-0.2172284221],
						"im": [0,0,0,0,0,0,0,0,0,0,0,0,0,0,0,0,0,0,0,0,0,0,0,0,0,0,0,0,0,0,0,0,0,0,0,0,0,0,0,0,0,0,0,0,0,0,0,0,0,0,0,0,0,0,0,0,0,0,0,0,0,0,0,0,0,0,0,0,0,0,0,0,0,0,0,0,0,0,0,0,0,0,0,0,0,0,0,0,0,0,0,0,0,0,0,0,0,0,0]
					},
					"exp_val_type": "nearest neighbor",
					"function_description": "XX Coupling"
				},
						{
					"operator_id": 5,
					"two_site": 1,
					"vals": {
						"re": [-0.2172305478,-0.09877289832,-0.1874407816,-0.1139308884,-0.1776606452,-0.1207405498,-0.172520222,-0.1247375953,-0.1692786216,-0.1274058309,-0.1670232112,-0.1293275986,-0.1653544279,-0.1307825747,-0.1640669791,-0.1319233504,-0.1630435726,-0.1328408741,-0.1622119136,-0.133592991,-0.1615248323,-0.1342183651,-0.1609501617,-0.134743869,-0.1604651819,-0.1351887753,-0.1600533835,-0.1355672612,-0.159702491,-0.1358899729,-0.159403206,-0.1361650378,-0.1591483818,-0.1363987388,-0.1589324664,-0.1365959756,-0.1587511174,-0.1367605859,-0.1586009322,-0.1368955737,-0.1584792548,-0.1370032717,-0.1583840377,-0.1370854588,-0.1583137428,-0.1371434437,-0.1582672715,-0.1371781227,-0.1582439164,-0.1371900184,-0.1582433321,-0.1371793015,-0.1582655209,-0.1371457973,-0.1583108327,-0.1370889788,-0.1583799798,-0.1370079447,-0.1584740664,-0.136901381,-0.1585946373,-0.136767502,-0.1587437476,-0.1366039669,-0.1589240626,-0.1364077621,-0.1591389962,-0.136175038,-0.1593929041,-0.1359008807,-0.1596913543,-0.1355789901,-0.1600415124,-0.1352012185,-0.1604526989,-0.1347568952,-0.1609372147,-0.1342318147,-0.1615115972,-0.133606672,-0.162198597,-0.1328545576,-0.1630304115,-0.1319367682,-0.1640542374,-0.1307954181,-0.165342387,-0.1293395226,-0.1670121522,-0.1274164669,-0.1692688032,-0.12474658,-0.1725118822,-0.1207475741,-0.1776540772,-0.1139357038,-0.1874363261,-0.09877529662,-0.2172284221],
						"im": [0,0,0,0,0,0,0,0,0,0,0,0,0,0,0,0,0,0,0,0,0,0,0,0,0,0,0,0,0,0,0,0,0,0,0,0,0,0,0,0,0,0,0,0,0,0,0,0,0,0,0,0,0,0,0,0,0,0,0,0,0,0,0,0,0,0,0,0,0,0,0,0,0,0,0,0,0,0,0,0,0,0,0,0,0,0,0,0,0,0,0,0,0,0,0,0,0,0,0]
					},
					"exp_val_type": "nearest neighbor",
					"function_description": "YY Coupling"
				},
						{
					"operator_id": 6,
					"two_site": 1,
					"vals": {
						"re": [-0.2172305478,-0.09877289832,-0.1874407816,-0.1139308884,-0.1776606452,-0.1207405498,-0.172520222,-0.1247375953,-0.1692786216,-0.1274058309,-0.1670232112,-0.1293275986,-0.1653544279,-0.1307825747,-0.1640669791,-0.1319233504,-0.1630435727,-0.1328408741,-0.1622119137,-0.133592991,-0.1615248323,-0.1342183651,-0.1609501618,-0.134743869,-0.1604651819,-0.1351887753,-0.1600533835,-0.1355672612,-0.159702491,-0.1358899729,-0.159403206,-0.1361650378,-0.1591483818,-0.1363987388,-0.1589324664,-0.1365959756,-0.1587511174,-0.1367605859,-0.1586009322,-0.1368955737,-0.1584792548,-0.1370032717,-0.1583840377,-0.1370854588,-0.1583137428,-0.1371434437,-0.1582672715,-0.1371781227,-0.1582439164,-0.1371900184,-0.1582433322,-0.1371793015,-0.1582655209,-0.1371457973,-0.1583108327,-0.1370889788,-0.1583799798,-0.1370079447,-0.1584740664,-0.136901381,-0.1585946373,-0.136767502,-0.1587437476,-0.1366039669,-0.1589240626,-0.1364077621,-0.1591389962,-0.1361750381,-0.1593929041,-0.1359008807,-0.1596913543,-0.1355789901,-0.1600415124,-0.1352012185,-0.1604526989,-0.1347568952,-0.1609372147,-0.1342318147,-0.1615115972,-0.133606672,-0.162198597,-0.1328545576,-0.1630304115,-0.1319367682,-0.1640542374,-0.1307954182,-0.165342387,-0.1293395226,-0.1670121522,-0.1274164669,-0.1692688032,-0.12474658,-0.1725118822,-0.1207475741,-0.1776540772,-0.1139357038,-0.1874363261,-0.09877529662,-0.2172284221],
						"im": [0,0,0,0,0,0,0,0,0,0,0,0,0,0,0,0,0,0,0,0,0,0,0,0,0,0,0,0,0,0,0,0,0,0,0,0,0,0,0,0,0,0,0,0,0,0,0,0,0,0,0,0,0,0,0,0,0,0,0,0,0,0,0,0,0,0,0,0,0,0,0,0,0,0,0,0,0,0,0,0,0,0,0,0,0,0,0,0,0,0,0,0,0,0,0,0,0,0,0]
					},
					"exp_val_type": "nearest neighbor",
					"function_description": "ZZ Coupling"
				}
			]
		}
	}
}
