{
	"data": {
		"groundstate": {
			"energy": {
				"iterations": 3,
				"vals": [-0.1383743583,-8.682471228,-8.682472914,-8.682472914]
			},
					"operators": {
				"operator_id": 1,
				"two_site": 0,
				"vals": {
					"re": [1.27368515e-12,6.444545418e-13,1.27508594e-12,5.133250598e-13,9.703982431e-13,2.637998338e-13,5.953727097e-13,6.143699527e-14,3.483871178e-13,7.865930466e-14,2.762824763e-13,1.287876064e-13,3.783084967e-13,3.313252472e-13,2.495052776e-13,6.849971999e-13,1.59455435e-12,3.132980003e-13,3.591849044e-13,2.342237515e-12],
					"im": [0,0,0,0,0,0,0,0,0,0,0,0,0,0,0,0,0,0,0,0]
				},
				"function_description": "Sx"
			}
		}
	}
}
