{
	"data": {
		"groundstate": {
			"energy": {
				"iterations": 8,
				"vals": [-0.4754698806,-34.96301031,-35.08256351,-35.08294515,-35.08294636,-35.08294636,-35.08294636,-35.08294636,-35.08294636]
			},
			"operators": [
						{
					"operator_id": 3,
					"two_site": 0,
					"vals": {
						"re": [1.827806285e-08,-1.059216877e-08,2.033886322e-08,-1.164192031e-08,1.957847028e-08,-1.004808527e-08,1.727219477e-08,-7.421710874e-09,1.436660682e-08,-4.722509559e-09,1.133695575e-08,2.3974252e-09,8.461334776e-09,-6.299338085e-10,5.789274468e-09,5.864754531e-10,3.340261038e-09,1.309327793e-09,1.167184713e-09,1.547759864e-09,5.65918026e-10,1.206326867e-09,1.613496536e-09,7.975029795e-11,1.674662945e-09,2.092395425e-09,4.81795449e-10,-5.526691613e-09,2.096754066e-09,-1.026203367e-08,5.93011689e-09,-1.602036197e-08,1.052241731e-08,-2.206202482e-08,1.487835856e-08,-2.712739568e-08,1.747117322e-08,-2.950411669e-08,1.583744551e-08,-2.701026556e-08],
						"im": [0,0,0,0,0,0,0,0,0,0,0,0,0,0,0,0,0,0,0,0,0,0,0,0,0,0,0,0,0,0,0,0,0,0,0,0,0,0,0,0]
					},
					"function_description": "Sz"
				},
						{
					"operator_id": 4,
					"two_site": 1,
					"vals": {
						"re": [-0.2173508821,-0.09862915217,-0.187724921,-0.1136029219,-0.1781467122,-0.1201926088,-0.1732444728,-0.1239334263,-0.1702791717,-0.1263060294,-0.1683422764,-0.127887432,-0.1670405078,-0.128949753,-0.1661773338,-0.1296352905,-0.1656473954,-0.1300210326,-0.1653947004,-0.1301456711,-0.1653947011,-0.1300210349,-0.1656473971,-0.1296352947,-0.1661773355,-0.1289497587,-0.1670405081,-0.1278874387,-0.1683422738,-0.1263060368,-0.1702791652,-0.1239334344,-0.173244463,-0.1201926172,-0.1781467009,-0.1136029297,-0.187724911,-0.09862915727,-0.2173508767],
						"im": [0,0,0,0,0,0,0,0,0,0,0,0,0,0,0,0,0,0,0,0,0,0,0,0,0,0,0,0,0,0,0,0,0,0,0,0,0,0,0]
					},
					"exp_val_type": "nearest neighbor",
					"function_description": "XX Coupling"
				}
			]
		}
	}
}
