{
	"data": {
		"groundstate": {
			"energy": {
				"iterations": 2,
				"vals": [2.428612866e-17,-1.506668546,-1.506668546]
			},
					"operators": {
				"operator_id": 1,
				"two_site": 0,
				"vals": {
					"re": [1.1955718e-14,0.1510909485,4.852892722e-15,-0.209245604,2.57918855e-14,0.1722237318,4.32501257e-14,0.245288864,5.520584688e-14,0.04836618329],
					"im": [0,0,0,0,0,0,0,0,0,0]
				},
				"function_description": "Sx"
			}
		}
	}
}
