{
	"data": {
		"groundstate": {
			"energy": {
				"iterations": 8,
				"vals": [-0.2377349403,-17.48150516,-17.54128175,-17.54147258,-17.54147318,-17.54147318,-17.54147318,-17.54147318,-17.54147318]
			},
			"operators": [
						{
					"operator_id": 4,
					"two_site": 1,
					"vals": {
						"re": [-0.2173508821,-0.09862915217,-0.187724921,-0.1136029219,-0.1781467122,-0.1201926088,-0.1732444728,-0.1239334263,-0.1702791717,-0.1263060294,-0.1683422764,-0.127887432,-0.1670405078,-0.128949753,-0.1661773338,-0.1296352905,-0.1656473954,-0.1300210326,-0.1653947004,-0.1301456711,-0.1653947011,-0.1300210349,-0.1656473971,-0.1296352947,-0.1661773355,-0.1289497587,-0.1670405081,-0.1278874387,-0.1683422738,-0.1263060368,-0.1702791652,-0.1239334344,-0.173244463,-0.1201926172,-0.1781467009,-0.1136029297,-0.187724911,-0.09862915727,-0.2173508767],
						"im": [0,0,0,0,0,0,0,0,0,0,0,0,0,0,0,0,0,0,0,0,0,0,0,0,0,0,0,0,0,0,0,0,0,0,0,0,0,0,0]
					},
					"exp_val_type": "nearest neighbor",
					"function_description": "XX Coupling"
				},
						{
					"operator_id": 5,
					"two_site": 1,
					"vals": {
						"re": [-0.2173508822,-0.09862915222,-0.1877249211,-0.113602922,-0.1781467124,-0.1201926089,-0.173244473,-0.1239334265,-0.1702791719,-0.1263060297,-0.1683422767,-0.1278874323,-0.1670405081,-0.1289497534,-0.1661773341,-0.129635291,-0.1656473956,-0.1300210332,-0.1653947005,-0.1301456716,-0.1653947011,-0.1300210353,-0.165647397,-0.1296352951,-0.1661773354,-0.128949759,-0.167040508,-0.1278874389,-0.1683422737,-0.1263060369,-0.1702791652,-0.1239334345,-0.1732444631,-0.1201926172,-0.1781467009,-0.1136029297,-0.1877249111,-0.0986291573,-0.2173508767],
						"im": [0,0,0,0,0,0,0,0,0,0,0,0,0,0,0,0,0,0,0,0,0,0,0,0,0,0,0,0,0,0,0,0,0,0,0,0,0,0,0]
					},
					"exp_val_type": "nearest neighbor",
					"function_description": "YY Coupling"
				},
						{
					"operator_id": 6,
					"two_site": 1,
					"vals": {
						"re": [-0.2173508821,-0.09862915215,-0.1877249209,-0.1136029219,-0.1781467121,-0.1201926087,-0.1732444727,-0.1239334262,-0.1702791715,-0.1263060292,-0.1683422763,-0.1278874318,-0.1670405077,-0.1289497527,-0.1661773337,-0.1296352902,-0.1656473953,-0.1300210324,-0.1653947003,-0.1301456709,-0.1653947011,-0.1300210347,-0.1656473972,-0.1296352946,-0.1661773356,-0.1289497586,-0.1670405082,-0.1278874386,-0.1683422738,-0.1263060368,-0.1702791652,-0.1239334343,-0.173244463,-0.1201926171,-0.1781467008,-0.1136029296,-0.187724911,-0.09862915726,-0.2173508766],
						"im": [0,0,0,0,0,0,0,0,0,0,0,0,0,0,0,0,0,0,0,0,0,0,0,0,0,0,0,0,0,0,0,0,0,0,0,0,0,0,0]
					},
					"exp_val_type": "nearest neighbor",
					"function_description": "ZZ Coupling"
				}
			]
		}
	}
}
