{
	"data": {
		"groundstate": {
			"energy": {
				"iterations": 34,
				"vals": [-0.3670300702,-44.00008656,-44.12229449,-44.12733681,-44.12763851,-44.1276471,-44.12764739,-44.12764736,-44.12764735,-44.12764735,-44.12764735,-44.12764735,-44.12764735,-44.12764735,-44.12764735,-44.12764735,-44.12764735,-44.12764735,-44.12764735,-44.12764735,-44.12764735,-44.12764735,-44.12764735,-44.12764735,-44.12764735,-44.12764735,-44.12764735,-44.12764735,-44.12764735,-44.12764735,-44.12764735,-44.12764735,-44.12764735,-44.12764735,-44.12764735]
			},
			"operators": [
						{
					"operator_id": 4,
					"two_site": 1,
					"vals": {
						"re": [-0.2172148693,-0.09879087102,-0.1874061056,-0.1139686519,-0.1776063668,-0.1207980655,-0.1724470467,-0.1248141872,-0.1691877265,-0.1275005263,-0.1669159135,-0.1294391841,-0.1652321395,-0.1309097379,-0.1639310953,-0.1320647324,-0.1628954486,-0.1329951346,-0.1620528263,-0.1337588487,-0.1613559605,-0.1343946208,-0.1607725802,-0.1349294151,-0.1602798637,-0.1353825951,-0.159861209,-0.1357684231,-0.1595042597,-0.1360976203,-0.1591996496,-0.1363783773,-0.1589401771,-0.1366170287,-0.1587202475,-0.1368185148,-0.1585354865,-0.1369867046,-0.1583824682,-0.1371246245,-0.1582585206,-0.1372346236,-0.1581615858,-0.1373184916,-0.1580901191,-0.1373775442,-0.158043018,-0.1374126823,-0.1580195728,-0.1374244309,-0.1580194369,-0.1374129617,-0.1580426117,-0.1373781003,-0.1580894467,-0.1373193187,-0.1581606543,-0.1372357132,-0.1582573399,-0.1371259654,-0.1583810511,-0.1369882824,-0.1585338486,-0.1368203124,-0.1587184072,-0.1366190259,-0.1589381557,-0.136380551,-0.1591974712,-0.1360999444,-0.1595019511,-0.1357708683,-0.1598587994,-0.1353851292,-0.1602773848,-0.1349320031,-0.1607700658,-0.1343972249,-0.1613534461,-0.1337614287,-0.1620503485,-0.132997648,-0.1628930451,-0.1320671349,-0.1639288047,-0.1309119831,-0.1652300038,-0.1294412218,-0.1669139828,-0.1275022989,-0.1691860267,-0.1248156668,-0.1724456472,-0.1207991969,-0.1776053158,-0.1139694203,-0.187405409,-0.09879120127,-0.2172145771],
						"im": [0,0,0,0,0,0,0,0,0,0,0,0,0,0,0,0,0,0,0,0,0,0,0,0,0,0,0,0,0,0,0,0,0,0,0,0,0,0,0,0,0,0,0,0,0,0,0,0,0,0,0,0,0,0,0,0,0,0,0,0,0,0,0,0,0,0,0,0,0,0,0,0,0,0,0,0,0,0,0,0,0,0,0,0,0,0,0,0,0,0,0,0,0,0,0,0,0,0,0]
					},
					"exp_val_type": "nearest neighbor",
					"function_description": "XX Coupling"
				},
						{
					"operator_id": 5,
					"two_site": 1,
					"vals": {
						"re": [-0.2172148722,-0.09879087297,-0.187406112,-0.113968656,-0.1776063761,-0.1207980713,-0.1724470581,-0.1248141947,-0.1691877391,-0.1275005354,-0.1669159267,-0.1294391955,-0.1652321532,-0.1309097517,-0.163931109,-0.132064749,-0.1628954622,-0.1329951542,-0.1620528395,-0.1337588716,-0.1613559733,-0.134394647,-0.1607725923,-0.1349294445,-0.1602798751,-0.1353826276,-0.1598612198,-0.1357684586,-0.1595042697,-0.1360976584,-0.1591996588,-0.1363784178,-0.1589401856,-0.1366170713,-0.1587202553,-0.1368185593,-0.1585354937,-0.1369867506,-0.1583824748,-0.1371246718,-0.1582585267,-0.1372346719,-0.1581615914,-0.1373185407,-0.1580901245,-0.1373775938,-0.1580430231,-0.137412732,-0.1580195779,-0.1374244805,-0.158019442,-0.1374130111,-0.158042617,-0.1373781491,-0.1580894523,-0.1373193667,-0.1581606603,-0.1372357601,-0.1582573464,-0.1371260109,-0.1583810582,-0.1369883264,-0.1585338563,-0.1368203545,-0.1587184156,-0.1366190659,-0.1589381648,-0.1363805887,-0.159197481,-0.1360999794,-0.1595019616,-0.1357709005,-0.1598588107,-0.1353851584,-0.1602773967,-0.134932029,-0.1607700782,-0.1343972476,-0.1613534589,-0.1337614481,-0.1620503615,-0.1329976643,-0.1628930581,-0.1320671483,-0.1639288175,-0.1309119939,-0.1652300161,-0.1294412305,-0.1669139943,-0.1275023059,-0.169186037,-0.1248156725,-0.172445656,-0.1207992015,-0.1776053229,-0.1139694228,-0.187405413,-0.09879120352,-0.2172145802],
						"im": [0,0,0,0,0,0,0,0,0,0,0,0,0,0,0,0,0,0,0,0,0,0,0,0,0,0,0,0,0,0,0,0,0,0,0,0,0,0,0,0,0,0,0,0,0,0,0,0,0,0,0,0,0,0,0,0,0,0,0,0,0,0,0,0,0,0,0,0,0,0,0,0,0,0,0,0,0,0,0,0,0,0,0,0,0,0,0,0,0,0,0,0,0,0,0,0,0,0,0]
					},
					"exp_val_type": "nearest neighbor",
					"function_description": "YY Coupling"
				},
						{
					"operator_id": 6,
					"two_site": 1,
					"vals": {
						"re": [-0.2172148672,-0.09879086952,-0.1874061006,-0.1139686487,-0.1776063596,-0.1207980609,-0.1724470377,-0.1248141811,-0.1691877162,-0.1275005188,-0.1669159024,-0.1294391748,-0.1652321278,-0.1309097266,-0.1639310832,-0.1320647189,-0.1628954365,-0.1329951185,-0.1620528143,-0.1337588301,-0.1613559488,-0.1343945995,-0.1607725688,-0.134929391,-0.1602798528,-0.1353825684,-0.1598611987,-0.1357683937,-0.1595042501,-0.1360975884,-0.1591996406,-0.136378343,-0.1589401688,-0.1366169922,-0.1587202399,-0.1368184763,-0.1585354796,-0.1369866643,-0.1583824619,-0.1371245827,-0.1582585148,-0.1372345805,-0.1581615805,-0.1373184474,-0.1580901142,-0.1373774992,-0.1580430133,-0.1374126367,-0.1580195682,-0.137424385,-0.1580194324,-0.1374129158,-0.1580426071,-0.1373780547,-0.1580894419,-0.1373192736,-0.1581606492,-0.137235669,-0.1582573344,-0.1371259222,-0.158381045,-0.1369882407,-0.1585338419,-0.1368202724,-0.1587183998,-0.1366189878,-0.1589381476,-0.1363805152,-0.1591974623,-0.136099911,-0.1595019415,-0.1357708376,-0.1598587891,-0.1353851015,-0.1602773739,-0.1349319783,-0.1607700543,-0.1343972033,-0.1613534342,-0.1337614102,-0.1620503363,-0.1329976325,-0.1628930327,-0.1320671222,-0.1639287925,-0.1309119728,-0.1652299921,-0.1294412136,-0.1669139718,-0.1275022922,-0.1691860168,-0.1248156614,-0.1724456388,-0.1207991924,-0.1776053089,-0.1139694178,-0.1874054052,-0.09879119909,-0.2172145741],
						"im": [0,0,0,0,0,0,0,0,0,0,0,0,0,0,0,0,0,0,0,0,0,0,0,0,0,0,0,0,0,0,0,0,0,0,0,0,0,0,0,0,0,0,0,0,0,0,0,0,0,0,0,0,0,0,0,0,0,0,0,0,0,0,0,0,0,0,0,0,0,0,0,0,0,0,0,0,0,0,0,0,0,0,0,0,0,0,0,0,0,0,0,0,0,0,0,0,0,0,0]
					},
					"exp_val_type": "nearest neighbor",
					"function_description": "ZZ Coupling"
				}
			]
		}
	}
}
