{
	"data": {
		"groundstate": {
			"energy": {
				"iterations": 10,
				"vals": [-0.2377349403,-17.48150516,-17.54128175,-17.54145165,-17.54145207,-17.54145203,-17.54145202,-17.54145202,-17.54145202,-17.54145202,-17.54145202]
			},
			"operators": [
						{
					"operator_id": 4,
					"two_site": 1,
					"vals": {
						"re": [-0.2173541761,-0.09862565129,-0.1877314097,-0.1135965556,-0.1781554035,-0.1201843045,-0.1732542789,-0.1239238822,-0.1702892439,-0.1262957453,-0.1683520708,-0.1278768025,-0.1670497086,-0.1289390892,-0.166185804,-0.1296248266,-0.1656551421,-0.1300109318,-0.1654018421,-0.1301360348,-0.1654014302,-0.1300119169,-0.1656539387,-0.129626718,-0.1661839021,-0.1289417311,-0.1670472519,-0.1278799676,-0.168349234,-0.1262991468,-0.1702862108,-0.123927199,-0.1732512414,-0.1201872246,-0.1781526397,-0.1135987793,-0.1877292995,-0.09862686183,-0.2173530774],
						"im": [0,0,0,0,0,0,0,0,0,0,0,0,0,0,0,0,0,0,0,0,0,0,0,0,0,0,0,0,0,0,0,0,0,0,0,0,0,0,0]
					},
					"exp_val_type": "nearest neighbor",
					"function_description": "XX Coupling"
				},
						{
					"operator_id": 5,
					"two_site": 1,
					"vals": {
						"re": [-0.2173541761,-0.09862565129,-0.1877314097,-0.1135965556,-0.1781554035,-0.1201843045,-0.1732542789,-0.1239238822,-0.1702892439,-0.1262957453,-0.1683520708,-0.1278768025,-0.1670497086,-0.1289390892,-0.1661858039,-0.1296248266,-0.1656551421,-0.1300109318,-0.1654018421,-0.1301360348,-0.1654014302,-0.1300119169,-0.1656539387,-0.129626718,-0.1661839021,-0.1289417311,-0.1670472519,-0.1278799676,-0.168349234,-0.1262991468,-0.1702862108,-0.123927199,-0.1732512414,-0.1201872246,-0.1781526397,-0.1135987793,-0.1877292995,-0.09862686183,-0.2173530774],
						"im": [0,0,0,0,0,0,0,0,0,0,0,0,0,0,0,0,0,0,0,0,0,0,0,0,0,0,0,0,0,0,0,0,0,0,0,0,0,0,0]
					},
					"exp_val_type": "nearest neighbor",
					"function_description": "YY Coupling"
				},
						{
					"operator_id": 6,
					"two_site": 1,
					"vals": {
						"re": [-0.2173541761,-0.09862565129,-0.1877314097,-0.1135965556,-0.1781554035,-0.1201843045,-0.1732542789,-0.1239238822,-0.1702892439,-0.1262957453,-0.1683520708,-0.1278768025,-0.1670497086,-0.1289390892,-0.166185804,-0.1296248266,-0.1656551421,-0.1300109318,-0.1654018421,-0.1301360348,-0.1654014302,-0.1300119169,-0.1656539387,-0.129626718,-0.1661839021,-0.1289417311,-0.1670472519,-0.1278799676,-0.168349234,-0.1262991468,-0.1702862108,-0.123927199,-0.1732512414,-0.1201872246,-0.1781526397,-0.1135987793,-0.1877292995,-0.09862686183,-0.2173530774],
						"im": [0,0,0,0,0,0,0,0,0,0,0,0,0,0,0,0,0,0,0,0,0,0,0,0,0,0,0,0,0,0,0,0,0,0,0,0,0,0,0]
					},
					"exp_val_type": "nearest neighbor",
					"function_description": "ZZ Coupling"
				}
			]
		}
	}
}
