{
	"data": {
		"groundstate": {
			"energy": {
				"iterations": 24,
				"vals": [-0.3670300702,-44.00008656,-44.12229449,-44.12747621,-44.12772358,-44.1277274,-44.12772735,-44.12772734,-44.12772733,-44.12772733,-44.12772733,-44.12772733,-44.12772733,-44.12772733,-44.12772733,-44.12772733,-44.12772733,-44.12772733,-44.12772733,-44.12772733,-44.12772733,-44.12772733,-44.12772733,-44.12772733,-44.12772733]
			},
			"operators": [
						{
					"operator_id": 4,
					"two_site": 1,
					"vals": {
						"re": [-0.2172108238,-0.09879558107,-0.1873969391,-0.113978831,-0.1775916196,-0.1208139168,-0.172426678,-0.1248356715,-0.169161921,-0.1275274368,-0.1668849895,-0.129471244,-0.1651964521,-0.1309465981,-0.1638910513,-0.1321060224,-0.1628514585,-0.1330404724,-0.1620052951,-0.1338078506,-0.1613052807,-0.1344469091,-0.160719126,-0.1349846246,-0.1602239875,-0.1354403774,-0.1598032388,-0.1358284498,-0.1594444976,-0.1361595847,-0.1591383716,-0.1364419955,-0.1588776335,-0.1366820397,-0.1586566635,-0.1368846798,-0.1584710643,-0.1370538054,-0.1583173883,-0.1371924623,-0.1581929445,-0.1373030165,-0.1580956584,-0.1373872724,-0.1580239717,-0.1374465573,-0.1579767709,-0.137481781,-0.1579533389,-0.1374934747,-0.1579533244,-0.1374818128,-0.1579767275,-0.1374466207,-0.1580238998,-0.1373873669,-0.1580955585,-0.1373031416,-0.1581928173,-0.1371926169,-0.1583172347,-0.1370539884,-0.1584708856,-0.1368848897,-0.1586564612,-0.1366822748,-0.158877409,-0.1364422537,-0.159138127,-0.1361598634,-0.1594442349,-0.1358287463,-0.1598029603,-0.1354406884,-0.160223696,-0.1349849461,-0.1607188245,-0.1344472369,-0.1613049725,-0.1338081796,-0.1620049842,-0.1330407969,-0.1628511493,-0.1321063362,-0.1638907489,-0.1309468945,-0.1651961625,-0.129471516,-0.1668847197,-0.1275276774,-0.1691616793,-0.1248358742,-0.1724264737,-0.120814075,-0.1775914621,-0.1139789385,-0.1873968358,-0.09879563381,-0.2172107766],
						"im": [0,0,0,0,0,0,0,0,0,0,0,0,0,0,0,0,0,0,0,0,0,0,0,0,0,0,0,0,0,0,0,0,0,0,0,0,0,0,0,0,0,0,0,0,0,0,0,0,0,0,0,0,0,0,0,0,0,0,0,0,0,0,0,0,0,0,0,0,0,0,0,0,0,0,0,0,0,0,0,0,0,0,0,0,0,0,0,0,0,0,0,0,0,0,0,0,0,0,0]
					},
					"exp_val_type": "nearest neighbor",
					"function_description": "XX Coupling"
				},
						{
					"operator_id": 5,
					"two_site": 1,
					"vals": {
						"re": [-0.2172108245,-0.09879558162,-0.1873969409,-0.1139788324,-0.1775916225,-0.120813919,-0.1724266819,-0.1248356746,-0.1691619259,-0.1275274408,-0.1668849953,-0.1294712491,-0.1651964586,-0.1309466043,-0.1638910583,-0.1321060297,-0.162851466,-0.1330404808,-0.1620053029,-0.1338078602,-0.1613052887,-0.1344469198,-0.1607191342,-0.1349846362,-0.1602239957,-0.13544039,-0.159803247,-0.1358284632,-0.1594445057,-0.1361595987,-0.1591383796,-0.1364420102,-0.1588776414,-0.1366820548,-0.1586566714,-0.1368846952,-0.158471072,-0.1370538211,-0.1583173959,-0.1371924783,-0.1581929521,-0.1373030326,-0.1580956659,-0.1373872885,-0.1580239791,-0.1374465734,-0.1579767783,-0.1374817971,-0.1579533461,-0.1374934907,-0.1579533315,-0.1374818286,-0.1579767345,-0.1374466362,-0.1580239066,-0.1373873822,-0.1580955651,-0.1373031565,-0.1581928237,-0.1371926314,-0.158317241,-0.1370540023,-0.1584708916,-0.136884903,-0.158656467,-0.1366822874,-0.1588774145,-0.1364422655,-0.1591381322,-0.1361598745,-0.1594442398,-0.1358287565,-0.1598029651,-0.1354406976,-0.1602237005,-0.1349849544,-0.1607188288,-0.1344472442,-0.1613049767,-0.133808186,-0.1620049882,-0.1330408025,-0.1628511532,-0.132106341,-0.1638907527,-0.1309468985,-0.1651961662,-0.1294715193,-0.1668847232,-0.1275276802,-0.1691616825,-0.1248358764,-0.1724264764,-0.1208140765,-0.1775914642,-0.1139789395,-0.1873968371,-0.09879563421,-0.2172107772],
						"im": [0,0,0,0,0,0,0,0,0,0,0,0,0,0,0,0,0,0,0,0,0,0,0,0,0,0,0,0,0,0,0,0,0,0,0,0,0,0,0,0,0,0,0,0,0,0,0,0,0,0,0,0,0,0,0,0,0,0,0,0,0,0,0,0,0,0,0,0,0,0,0,0,0,0,0,0,0,0,0,0,0,0,0,0,0,0,0,0,0,0,0,0,0,0,0,0,0,0,0]
					},
					"exp_val_type": "nearest neighbor",
					"function_description": "YY Coupling"
				},
						{
					"operator_id": 6,
					"two_site": 1,
					"vals": {
						"re": [-0.2172108239,-0.09879558116,-0.1873969393,-0.1139788312,-0.1775916199,-0.120813917,-0.1724266782,-0.1248356717,-0.1691619211,-0.1275274369,-0.1668849894,-0.1294712441,-0.1651964516,-0.1309465981,-0.1638910504,-0.1321060224,-0.1628514572,-0.1330404722,-0.1620052933,-0.1338078501,-0.1613052784,-0.1344469082,-0.1607191231,-0.1349846231,-0.1602239841,-0.1354403753,-0.1598032349,-0.1358284468,-0.1594444933,-0.1361595807,-0.1591383669,-0.1364419905,-0.1588776285,-0.1366820336,-0.1586566584,-0.1368846726,-0.158471059,-0.1370537972,-0.158317383,-0.1371924532,-0.1581929392,-0.1373030066,-0.1580956533,-0.1373872617,-0.1580239667,-0.1374465461,-0.1579767662,-0.1374817696,-0.1579533344,-0.1374934632,-0.1579533202,-0.1374818014,-0.1579767236,-0.1374466095,-0.1580238961,-0.1373873561,-0.158095555,-0.1373031313,-0.158192814,-0.1371926073,-0.1583172317,-0.1370539795,-0.1584708827,-0.1368848815,-0.1586564583,-0.1366822674,-0.1588774062,-0.1364422471,-0.1591381241,-0.1361598576,-0.159444232,-0.1358287411,-0.1598029574,-0.1354406838,-0.1602236931,-0.134984942,-0.1607188215,-0.1344472333,-0.1613049696,-0.1338081764,-0.1620049813,-0.1330407942,-0.1628511465,-0.1321063338,-0.1638907463,-0.1309468924,-0.1651961602,-0.1294715143,-0.1668847177,-0.1275276761,-0.1691616777,-0.1248358732,-0.1724264725,-0.1208140743,-0.1775914613,-0.1139789381,-0.1873968353,-0.09879563365,-0.2172107764],
						"im": [0,0,0,0,0,0,0,0,0,0,0,0,0,0,0,0,0,0,0,0,0,0,0,0,0,0,0,0,0,0,0,0,0,0,0,0,0,0,0,0,0,0,0,0,0,0,0,0,0,0,0,0,0,0,0,0,0,0,0,0,0,0,0,0,0,0,0,0,0,0,0,0,0,0,0,0,0,0,0,0,0,0,0,0,0,0,0,0,0,0,0,0,0,0,0,0,0,0,0]
					},
					"exp_val_type": "nearest neighbor",
					"function_description": "ZZ Coupling"
				}
			]
		}
	}
}
