{
	"data": {
		"evolved": {
					"operators": {
				"operator_id": 3,
				"two_site": 0,
				"function_description": "Sz",
				"vals": [
								{
						"time_step": 1,
						"time": 0,
						"re": [0.5,0.5,0.5,0.5,0.5,0.5,0.5,0.5,0.5,0.5,0.5,0.5,0.5,0.5,0.5,0.5,0.5,0.5,0.5,0.5,-0.5,-0.5,-0.5,-0.5,-0.5,-0.5,-0.5,-0.5,-0.5,-0.5,-0.5,-0.5,-0.5,-0.5,-0.5,-0.5,-0.5,-0.5,-0.5,-0.5],
						"im": [0,0,0,0,0,0,0,0,0,0,0,0,0,0,0,0,0,0,0,0,0,0,0,0,0,0,0,0,0,0,0,0,0,0,0,0,0,0,0,0]
					},
								{
						"time_step": 2,
						"time": 0.2,
						"re": [0.4999769529,0.499959446,0.4999645873,0.4999645872,0.4999645872,0.4999645872,0.4999645872,0.4999645872,0.4999645872,0.4999645872,0.4999645872,0.4999645872,0.4999645872,0.4999645872,0.4999645872,0.4999645872,0.4999645871,0.4999645476,0.4999376324,0.4929436019,-0.4929436019,-0.4999376324,-0.4999645476,-0.4999645871,-0.4999645872,-0.4999645872,-0.4999645872,-0.4999645872,-0.4999645872,-0.4999645872,-0.4999645872,-0.4999645872,-0.4999645872,-0.4999645872,-0.4999645872,-0.4999645872,-0.4999645872,-0.4999645873,-0.4999594319,-0.4999769386],
						"im": [0,0,0,0,0,0,0,0,0,0,0,0,0,0,0,0,0,0,0,0,0,0,0,0,0,0,0,0,0,0,0,0,0,0,0,0,0,0,0,0]
					},
								{
						"time_step": 3,
						"time": 0.4,
						"re": [0.4999284755,0.4999081821,0.4999574181,0.4999574116,0.4999574128,0.4999574128,0.4999574128,0.4999574128,0.4999574128,0.4999574128,0.4999574128,0.4999574128,0.4999574128,0.4999574128,0.4999574128,0.4999574128,0.4999574068,0.4999558836,0.4997247788,0.4917982915,-0.4917982915,-0.4997247788,-0.4999558836,-0.4999574068,-0.4999574128,-0.4999574128,-0.4999574128,-0.4999574128,-0.4999574128,-0.4999574128,-0.4999574128,-0.4999574128,-0.4999574128,-0.4999574128,-0.4999574128,-0.4999574128,-0.4999574116,-0.4999574181,-0.4999081385,-0.4999284312],
						"im": [0,0,0,0,0,0,0,0,0,0,0,0,0,0,0,0,0,0,0,0,0,0,0,0,0,0,0,0,0,0,0,0,0,0,0,0,0,0,0,0]
					},
								{
						"time_step": 4,
						"time": 0.6,
						"re": [0.4998986702,0.4998979751,0.4999984808,0.4999984664,0.4999984814,0.4999984814,0.4999984814,0.4999984814,0.4999984814,0.4999984814,0.4999984814,0.4999984814,0.4999984814,0.4999984814,0.4999984814,0.4999984809,0.499998397,0.4999907958,0.4995430504,0.4993375026,-0.4993375026,-0.4995430504,-0.4999907958,-0.499998397,-0.4999984809,-0.4999984814,-0.4999984814,-0.4999984814,-0.4999984814,-0.4999984814,-0.4999984814,-0.4999984814,-0.4999984814,-0.4999984814,-0.4999984814,-0.4999984814,-0.4999984664,-0.4999984808,-0.4998979124,-0.4998986075],
						"im": [0,0,0,0,0,0,0,0,0,0,0,0,0,0,0,0,0,0,0,0,0,0,0,0,0,0,0,0,0,0,0,0,0,0,0,0,0,0,0,0]
					},
								{
						"time_step": 5,
						"time": 0.8,
						"re": [0.4999150587,0.4999023257,0.4999729542,0.4999729034,0.4999729507,0.4999729512,0.4999729512,0.4999729512,0.4999729512,0.4999729512,0.4999729512,0.4999729512,0.4999729512,0.4999729512,0.4999729512,0.4999729469,0.4999725564,0.4999562558,0.4993228736,0.4944140867,-0.4944140867,-0.4993228736,-0.4999562558,-0.4999725564,-0.4999729469,-0.4999729512,-0.4999729512,-0.4999729512,-0.4999729512,-0.4999729512,-0.4999729512,-0.4999729512,-0.4999729512,-0.4999729512,-0.4999729512,-0.4999729507,-0.4999729033,-0.4999729542,-0.4999022736,-0.4999150061],
						"im": [0,0,0,0,0,0,0,0,0,0,0,0,0,0,0,0,0,0,0,0,0,0,0,0,0,0,0,0,0,0,0,0,0,0,0,0,0,0,0,0]
					},
								{
						"time_step": 6,
						"time": 1,
						"re": [0.4999624655,0.4999390903,0.4999522885,0.4999521954,0.4999522368,0.4999522387,0.4999522387,0.4999522387,0.4999522387,0.4999522387,0.4999522387,0.4999522387,0.4999522387,0.4999522387,0.4999522384,0.4999522181,0.4999510535,0.4999168981,0.4987887622,0.4916004258,-0.4916004258,-0.4987887622,-0.4999168981,-0.4999510535,-0.4999522181,-0.4999522384,-0.4999522387,-0.4999522387,-0.4999522387,-0.4999522387,-0.4999522387,-0.4999522387,-0.4999522387,-0.4999522387,-0.4999522387,-0.4999522368,-0.4999521954,-0.4999522885,-0.4999390675,-0.4999624422],
						"im": [0,0,0,0,0,0,0,0,0,0,0,0,0,0,0,0,0,0,0,0,0,0,0,0,0,0,0,0,0,0,0,0,0,0,0,0,0,0,0,0]
					},
								{
						"time_step": 7,
						"time": 1.2,
						"re": [0.4999975016,0.4999946209,0.4999941692,0.499994131,0.4999941337,0.499994136,0.4999941361,0.4999941361,0.4999941361,0.4999941361,0.4999941361,0.4999941361,0.4999941361,0.4999941361,0.4999941348,0.4999940604,0.4999909324,0.499919489,0.4983922565,0.4975350542,-0.4975350542,-0.4983922565,-0.499919489,-0.4999909324,-0.4999940604,-0.4999941348,-0.4999941361,-0.4999941361,-0.4999941361,-0.4999941361,-0.4999941361,-0.4999941361,-0.4999941361,-0.4999941361,-0.499994136,-0.4999941337,-0.4999941309,-0.4999941692,-0.4999946194,-0.4999975],
						"im": [0,0,0,0,0,0,0,0,0,0,0,0,0,0,0,0,0,0,0,0,0,0,0,0,0,0,0,0,0,0,0,0,0,0,0,0,0,0,0,0]
					},
								{
						"time_step": 8,
						"time": 1.4,
						"re": [0.4999886576,0.4999795052,0.4999815018,0.4999814873,0.4999815013,0.4999815013,0.4999815015,0.4999815015,0.4999815015,0.4999815015,0.4999815015,0.4999815015,0.4999815015,0.4999815014,0.4999814963,0.499981263,0.499974046,0.4998640907,0.4981486062,0.4951290721,-0.4951290721,-0.4981486062,-0.4998640907,-0.499974046,-0.499981263,-0.4999814963,-0.4999815014,-0.4999815015,-0.4999815015,-0.4999815015,-0.4999815015,-0.4999815015,-0.4999815015,-0.4999815015,-0.4999815013,-0.4999815013,-0.4999814872,-0.4999815018,-0.4999794983,-0.4999886505],
						"im": [0,0,0,0,0,0,0,0,0,0,0,0,0,0,0,0,0,0,0,0,0,0,0,0,0,0,0,0,0,0,0,0,0,0,0,0,0,0,0,0]
					}
				]
			}
		}
	}
}
