{
	"data": {
		"groundstate": {
			"energy": {
				"iterations": 8,
				"vals": [-0.2377349403,-17.48150516,-17.54128175,-17.54147258,-17.5414733,-17.5414733,-17.5414733,-17.5414733,-17.5414733]
			},
			"operators": [
						{
					"operator_id": 4,
					"two_site": 1,
					"vals": {
						"re": [-0.2173508555,-0.09862918006,-0.1877248699,-0.1136029698,-0.1781466472,-0.1201926664,-0.1732444035,-0.1239334875,-0.1702791041,-0.1263060925,-0.1683422135,-0.127887498,-0.1670404501,-0.128949823,-0.1661772802,-0.1296353644,-0.1656473443,-0.1300211092,-0.1653946501,-0.1301457479,-0.1653946501,-0.1300211092,-0.1656473443,-0.1296353644,-0.1661772802,-0.128949823,-0.1670404501,-0.127887498,-0.1683422135,-0.1263060925,-0.1702791041,-0.1239334875,-0.1732444035,-0.1201926663,-0.1781466472,-0.1136029698,-0.1877248699,-0.09862918005,-0.2173508555],
						"im": [0,0,0,0,0,0,0,0,0,0,0,0,0,0,0,0,0,0,0,0,0,0,0,0,0,0,0,0,0,0,0,0,0,0,0,0,0,0,0]
					},
					"exp_val_type": "nearest neighbor",
					"function_description": "XX Coupling"
				},
						{
					"operator_id": 5,
					"two_site": 1,
					"vals": {
						"re": [-0.2173508555,-0.09862918006,-0.1877248699,-0.1136029698,-0.1781466472,-0.1201926664,-0.1732444035,-0.1239334875,-0.1702791041,-0.1263060925,-0.1683422135,-0.127887498,-0.1670404501,-0.128949823,-0.1661772802,-0.1296353644,-0.1656473443,-0.1300211092,-0.1653946501,-0.1301457479,-0.1653946501,-0.1300211092,-0.1656473443,-0.1296353644,-0.1661772802,-0.128949823,-0.1670404501,-0.127887498,-0.1683422135,-0.1263060925,-0.1702791041,-0.1239334875,-0.1732444035,-0.1201926663,-0.1781466472,-0.1136029698,-0.1877248699,-0.09862918005,-0.2173508555],
						"im": [0,0,0,0,0,0,0,0,0,0,0,0,0,0,0,0,0,0,0,0,0,0,0,0,0,0,0,0,0,0,0,0,0,0,0,0,0,0,0]
					},
					"exp_val_type": "nearest neighbor",
					"function_description": "YY Coupling"
				},
						{
					"operator_id": 6,
					"two_site": 1,
					"vals": {
						"re": [-0.2173508555,-0.09862918006,-0.1877248699,-0.1136029698,-0.1781466472,-0.1201926664,-0.1732444035,-0.1239334875,-0.1702791041,-0.1263060925,-0.1683422135,-0.127887498,-0.1670404501,-0.128949823,-0.1661772802,-0.1296353644,-0.1656473443,-0.1300211092,-0.1653946501,-0.1301457479,-0.1653946501,-0.1300211092,-0.1656473443,-0.1296353644,-0.1661772802,-0.128949823,-0.1670404501,-0.127887498,-0.1683422135,-0.1263060925,-0.1702791041,-0.1239334875,-0.1732444035,-0.1201926663,-0.1781466472,-0.1136029698,-0.1877248699,-0.09862918005,-0.2173508555],
						"im": [0,0,0,0,0,0,0,0,0,0,0,0,0,0,0,0,0,0,0,0,0,0,0,0,0,0,0,0,0,0,0,0,0,0,0,0,0,0,0]
					},
					"exp_val_type": "nearest neighbor",
					"function_description": "ZZ Coupling"
				}
			]
		}
	}
}
