{
	"data": {
		"groundstate": {
			"energy": {
				"iterations": 28,
				"vals": [-0.3670300702,-44.00008656,-44.11113289,-44.11540997,-44.11610863,-44.11622388,-44.11624622,-44.11625005,-44.11625031,-44.11625005,-44.11624983,-44.1162497,-44.11624964,-44.1162496,-44.11624958,-44.11624958,-44.11624957,-44.11624957,-44.11624957,-44.11624957,-44.11624957,-44.11624957,-44.11624957,-44.11624957,-44.11624957,-44.11624957,-44.11624957,-44.11624957,-44.11624957]
			},
			"operators": [
						{
					"operator_id": 4,
					"two_site": 1,
					"vals": {
						"re": [-0.2174945293,-0.09847599691,-0.1880009372,-0.1133149773,-0.1785104072,-0.1198027554,-0.1736493622,-0.1234875949,-0.1706786248,-0.1258566941,-0.168686993,-0.1274909398,-0.1672766043,-0.1286685007,-0.1662426151,-0.1295414962,-0.1654669674,-0.1302013267,-0.16487586,-0.1307068423,-0.164420321,-0.1310979299,-0.1640663929,-0.1314026715,-0.1637897549,-0.1316413999,-0.1635725701,-0.1318291443,-0.1634015282,-0.1319771806,-0.1632665729,-0.1320940601,-0.1631600399,-0.1321863145,-0.1630760561,-0.1322589533,-0.16301011,-0.1323158224,-0.1629587392,-0.1323598657,-0.162919301,-0.1323933181,-0.1628898022,-0.1324178477,-0.1628687753,-0.1324346594,-0.1628551877,-0.1324445687,-0.1628483795,-0.1324480506,-0.1628480244,-0.1324452682,-0.16285411,-0.1324360822,-0.1628669375,-0.1324200419,-0.1628871404,-0.1323963583,-0.1629157224,-0.132363855,-0.1629541198,-0.1323208959,-0.1630042898,-0.1322652822,-0.1630688357,-0.1321941103,-0.1631511751,-0.1321035798,-0.1632557705,-0.1319887303,-0.163388443,-0.1318430823,-0.1635568045,-0.1316581356,-0.163770865,-0.1314226577,-0.1640439038,-0.1311216447,-0.1643937607,-0.1307347509,-0.1648448196,-0.1302338153,-0.1654312047,-0.1295787601,-0.1662022188,-0.1287103682,-0.1672322377,-0.1275366105,-0.1686402068,-0.1259043857,-0.1706321134,-0.1235341659,-0.173606624,-0.1198436863,-0.1784734444,-0.1133461323,-0.1879700041,-0.09849474686,-0.2174754792],
						"im": [0,0,0,0,0,0,0,0,0,0,0,0,0,0,0,0,0,0,0,0,0,0,0,0,0,0,0,0,0,0,0,0,0,0,0,0,0,0,0,0,0,0,0,0,0,0,0,0,0,0,0,0,0,0,0,0,0,0,0,0,0,0,0,0,0,0,0,0,0,0,0,0,0,0,0,0,0,0,0,0,0,0,0,0,0,0,0,0,0,0,0,0,0,0,0,0,0,0,0]
					},
					"exp_val_type": "nearest neighbor",
					"function_description": "XX Coupling"
				},
						{
					"operator_id": 5,
					"two_site": 1,
					"vals": {
						"re": [-0.2174961485,-0.0984766672,-0.1880029421,-0.1133167304,-0.1785118218,-0.1198061098,-0.173650287,-0.1234924689,-0.1706792435,-0.1258628119,-0.1686874441,-0.1274980455,-0.1672770152,-0.1286763952,-0.1662430918,-0.1295500248,-0.1654675844,-0.1302103642,-0.1648766597,-0.1307162833,-0.1644213188,-0.131107684,-0.164067585,-0.131412661,-0.1637911251,-0.131651559,-0.163574095,-0.1318394181,-0.1634031822,-0.1319875246,-0.1632683303,-0.1321044393,-0.1631618771,-0.1321967026,-0.1630779526,-0.1322693317,-0.1630120488,-0.1323261792,-0.1629607068,-0.1323701947,-0.1629212871,-0.1324036179,-0.1628917999,-0.1324281208,-0.1628707798,-0.1324449113,-0.1628571965,-0.1324548071,-0.1628503917,-0.1324582847,-0.1628500398,-0.1324555078,-0.162856129,-0.132446337,-0.1628689606,-0.1324303211,-0.1628891674,-0.1324066694,-0.1629177525,-0.1323742036,-0.1629561509,-0.1323312848,-0.1630063188,-0.1322757108,-0.1630708579,-0.1322045742,-0.1631531852,-0.1321140698,-0.1632577632,-0.1319992326,-0.1633904141,-0.1318535779,-0.1635587531,-0.1316686004,-0.1637727968,-0.1314330628,-0.1640458354,-0.1311319569,-0.1643957257,-0.1307449336,-0.1648468761,-0.1302438283,-0.1654334436,-0.129588558,-0.1662047716,-0.1287198934,-0.1672352772,-0.1275457763,-0.1686439324,-0.1259130383,-0.1706366976,-0.123542016,-0.1736120874,-0.1198502179,-0.1784794043,-0.1133506028,-0.1879752173,-0.0984968009,-0.2174781916],
						"im": [0,0,0,0,0,0,0,0,0,0,0,0,0,0,0,0,0,0,0,0,0,0,0,0,0,0,0,0,0,0,0,0,0,0,0,0,0,0,0,0,0,0,0,0,0,0,0,0,0,0,0,0,0,0,0,0,0,0,0,0,0,0,0,0,0,0,0,0,0,0,0,0,0,0,0,0,0,0,0,0,0,0,0,0,0,0,0,0,0,0,0,0,0,0,0,0,0,0,0]
					},
					"exp_val_type": "nearest neighbor",
					"function_description": "YY Coupling"
				},
						{
					"operator_id": 6,
					"two_site": 1,
					"vals": {
						"re": [-0.2174948546,-0.0984761316,-0.18800134,-0.1133153296,-0.1785106914,-0.1198034294,-0.1736495481,-0.1234885743,-0.1706787491,-0.1258579234,-0.1686870837,-0.1274923676,-0.1672766868,-0.1286700871,-0.1662427109,-0.12954321,-0.1654670914,-0.1302031427,-0.1648760207,-0.1307087394,-0.1644205215,-0.13109989,-0.1640666324,-0.1314046788,-0.1637900303,-0.1316434413,-0.1635728765,-0.1318312087,-0.1634018606,-0.1319792591,-0.163266926,-0.1320961457,-0.1631604091,-0.1321884018,-0.1630764372,-0.1322610387,-0.1630104996,-0.1323179034,-0.1629591346,-0.1323619411,-0.1629197001,-0.1323953876,-0.1628902036,-0.1324199118,-0.1628691781,-0.1324367193,-0.1628555913,-0.1324466258,-0.1628487838,-0.1324501068,-0.1628484293,-0.1324473256,-0.1628545156,-0.1324381426,-0.162867344,-0.1324221072,-0.1628875477,-0.13239843,-0.1629161303,-0.1323659342,-0.1629545279,-0.1323229832,-0.1630046975,-0.1322673774,-0.163069242,-0.1321962127,-0.1631515789,-0.1321056873,-0.1632561709,-0.1319908403,-0.163388839,-0.131845191,-0.163557196,-0.1316602381,-0.1637712531,-0.1314247482,-0.1640442919,-0.1311237164,-0.1643941555,-0.1307367966,-0.1648452328,-0.1302358269,-0.1654316545,-0.1295807286,-0.1662027317,-0.1287122818,-0.1672328483,-0.1275384519,-0.1686409553,-0.125906124,-0.1706330344,-0.123535743,-0.1736077216,-0.1198449985,-0.1784746417,-0.1133470304,-0.1879710514,-0.09849515953,-0.2174760241],
						"im": [0,0,0,0,0,0,0,0,0,0,0,0,0,0,0,0,0,0,0,0,0,0,0,0,0,0,0,0,0,0,0,0,0,0,0,0,0,0,0,0,0,0,0,0,0,0,0,0,0,0,0,0,0,0,0,0,0,0,0,0,0,0,0,0,0,0,0,0,0,0,0,0,0,0,0,0,0,0,0,0,0,0,0,0,0,0,0,0,0,0,0,0,0,0,0,0,0,0,0]
					},
					"exp_val_type": "nearest neighbor",
					"function_description": "ZZ Coupling"
				}
			]
		}
	}
}
